-- MySQL dump 10.13  Distrib 8.0.19, for Win64 (x86_64)
--
-- Host: j10s001.p.ssafy.io    Database: shoppingmalldb
-- ------------------------------------------------------
-- Server version	11.3.2-MariaDB-1:11.3.2+maria~ubu2204

/*!40101 SET @OLD_CHARACTER_SET_CLIENT=@@CHARACTER_SET_CLIENT */;
/*!40101 SET @OLD_CHARACTER_SET_RESULTS=@@CHARACTER_SET_RESULTS */;
/*!40101 SET @OLD_COLLATION_CONNECTION=@@COLLATION_CONNECTION */;
/*!50503 SET NAMES utf8mb4 */;
/*!40103 SET @OLD_TIME_ZONE=@@TIME_ZONE */;
/*!40103 SET TIME_ZONE='+00:00' */;
/*!40014 SET @OLD_UNIQUE_CHECKS=@@UNIQUE_CHECKS, UNIQUE_CHECKS=0 */;
/*!40014 SET @OLD_FOREIGN_KEY_CHECKS=@@FOREIGN_KEY_CHECKS, FOREIGN_KEY_CHECKS=0 */;
/*!40101 SET @OLD_SQL_MODE=@@SQL_MODE, SQL_MODE='NO_AUTO_VALUE_ON_ZERO' */;
/*!40111 SET @OLD_SQL_NOTES=@@SQL_NOTES, SQL_NOTES=0 */;

--
-- Table structure for table `affiliate_order`
--

DROP TABLE IF EXISTS `affiliate_order`;
/*!40101 SET @saved_cs_client     = @@character_set_client */;
/*!50503 SET character_set_client = utf8mb4 */;
CREATE TABLE `affiliate_order` (
  `affiliate_order_id` int(11) NOT NULL AUTO_INCREMENT,
  `order_id` int(11) DEFAULT NULL,
  PRIMARY KEY (`affiliate_order_id`),
  UNIQUE KEY `UK_7tklmrw7gkwgghcqtngym6gns` (`order_id`),
  CONSTRAINT `FKd3aqrwmo9ppjn39pc8h80rg43` FOREIGN KEY (`order_id`) REFERENCES `orders` (`order_id`)
) ENGINE=InnoDB AUTO_INCREMENT=97 DEFAULT CHARSET=utf8mb4 COLLATE=utf8mb4_general_ci;
/*!40101 SET character_set_client = @saved_cs_client */;

--
-- Dumping data for table `affiliate_order`
--

LOCK TABLES `affiliate_order` WRITE;
/*!40000 ALTER TABLE `affiliate_order` DISABLE KEYS */;
INSERT INTO `affiliate_order` VALUES (7,12),(9,14),(10,15),(11,18),(12,19),(13,20),(14,22),(15,23),(16,24),(17,25),(18,26),(19,27),(20,28),(21,29),(22,30),(23,31),(24,32),(25,33),(26,34),(27,35),(28,36),(29,37),(30,38),(31,39),(32,40),(33,41),(40,48),(41,49),(42,50),(43,51),(44,52),(45,53),(46,54),(47,55),(48,56),(49,57),(50,58),(51,59),(52,60),(53,61),(54,62),(55,63),(56,64),(57,65),(58,66),(59,67),(60,68),(61,69),(62,70),(63,71),(64,72),(65,73),(66,74),(67,75),(68,76),(69,77),(70,78),(71,79),(72,80),(73,81),(74,82),(75,83),(76,84),(77,85),(78,86),(79,87),(80,88),(81,89),(82,90),(83,91),(84,92),(85,93),(86,94),(87,95),(88,96),(89,97),(90,98),(91,99),(92,100),(93,101),(94,102),(95,103),(96,104);
/*!40000 ALTER TABLE `affiliate_order` ENABLE KEYS */;
UNLOCK TABLES;

--
-- Table structure for table `order_product`
--

DROP TABLE IF EXISTS `order_product`;
/*!40101 SET @saved_cs_client     = @@character_set_client */;
/*!50503 SET character_set_client = utf8mb4 */;
CREATE TABLE `order_product` (
  `order_id` int(11) DEFAULT NULL,
  `order_product_amount` int(11) NOT NULL,
  `order_product_id` int(11) NOT NULL AUTO_INCREMENT,
  `product_id` int(11) DEFAULT NULL,
  `created_at` datetime(6) DEFAULT NULL,
  `updated_at` datetime(6) DEFAULT NULL,
  PRIMARY KEY (`order_product_id`),
  KEY `FKl5mnj9n0di7k1v90yxnthkc73` (`order_id`),
  KEY `FKhnfgqyjx3i80qoymrssls3kno` (`product_id`),
  CONSTRAINT `FKhnfgqyjx3i80qoymrssls3kno` FOREIGN KEY (`product_id`) REFERENCES `product` (`product_id`),
  CONSTRAINT `FKl5mnj9n0di7k1v90yxnthkc73` FOREIGN KEY (`order_id`) REFERENCES `orders` (`order_id`)
) ENGINE=InnoDB AUTO_INCREMENT=99 DEFAULT CHARSET=utf8mb4 COLLATE=utf8mb4_general_ci;
/*!40101 SET character_set_client = @saved_cs_client */;

--
-- Dumping data for table `order_product`
--

LOCK TABLES `order_product` WRITE;
/*!40000 ALTER TABLE `order_product` DISABLE KEYS */;
INSERT INTO `order_product` VALUES (2,1,2,14,'2024-03-29 09:13:31.306179','2024-03-29 09:13:31.306179'),(3,3,3,23,'2024-03-29 11:55:20.485494','2024-03-29 11:55:20.485494'),(8,1,8,23,'2024-03-31 01:28:43.456054','2024-03-31 01:28:43.456054'),(9,3,9,23,'2024-03-31 13:07:38.316578','2024-03-31 13:07:38.316578'),(12,1,12,16,'2024-03-31 13:19:01.481559','2024-03-31 13:19:01.481559'),(14,2,14,23,'2024-03-31 13:50:19.814243','2024-03-31 13:50:19.814243'),(15,2,15,23,'2024-03-31 13:50:19.891580','2024-03-31 13:50:19.891580'),(16,1,16,23,'2024-04-01 01:31:57.926354','2024-04-01 01:31:57.926354'),(17,3,17,3,'2024-04-01 01:32:15.793483','2024-04-01 01:32:15.793483'),(18,3,18,3,'2024-04-01 01:43:59.373798','2024-04-01 01:43:59.373798'),(19,1,19,3,'2024-04-01 01:45:52.079371','2024-04-01 01:45:52.079371'),(20,2,20,3,'2024-04-01 01:46:22.987310','2024-04-01 01:46:22.987310'),(21,1,21,10,'2024-04-01 01:51:23.823750','2024-04-01 01:51:23.823750'),(22,1,22,10,'2024-04-01 01:54:51.332000','2024-04-01 01:54:51.332000'),(23,1,23,3,'2024-04-01 01:54:52.937675','2024-04-01 01:54:52.937675'),(24,1,24,3,'2024-04-01 01:55:12.188412','2024-04-01 01:55:12.188412'),(25,1,25,10,'2024-04-01 01:59:50.076218','2024-04-01 01:59:50.076218'),(26,1,26,9,'2024-04-01 02:01:52.942413','2024-04-01 02:01:52.942413'),(27,1,27,3,'2024-04-01 02:13:53.229622','2024-04-01 02:13:53.229622'),(28,1,28,3,'2024-04-01 02:13:56.372488','2024-04-01 02:13:56.372488'),(29,1,29,10,'2024-04-01 02:47:29.244022','2024-04-01 02:47:29.244022'),(30,1,30,10,'2024-04-01 11:30:00.710818','2024-04-01 11:30:00.710818'),(31,1,31,10,'2024-04-01 11:30:44.029190','2024-04-01 11:30:44.029190'),(32,1,32,10,'2024-04-01 13:00:55.017772','2024-04-01 13:00:55.017772'),(33,1,33,3,'2024-04-01 14:01:47.772795','2024-04-01 14:01:47.772795'),(34,1,34,10,'2024-04-01 14:09:16.413605','2024-04-01 14:09:16.413605'),(35,1,35,2,'2024-04-01 21:23:57.279035','2024-04-01 21:23:57.279035'),(36,1,36,3,'2024-04-01 22:30:05.887878','2024-04-01 22:30:05.887878'),(37,1,37,8,'2024-04-01 22:30:22.658787','2024-04-01 22:30:22.658787'),(38,1,38,5,'2024-04-01 23:21:06.954159','2024-04-01 23:21:06.954159'),(39,1,39,2,'2024-04-01 23:25:35.650126','2024-04-01 23:25:35.650126'),(40,1,40,10,'2024-04-01 23:36:37.078552','2024-04-01 23:36:37.078552'),(41,1,41,3,'2024-04-01 23:55:29.056023','2024-04-01 23:55:29.056023'),(48,1,42,3,'2024-04-02 00:08:25.528755','2024-04-02 00:08:25.528755'),(49,1,43,11,'2024-04-02 00:09:20.742465','2024-04-02 00:09:20.742465'),(50,1,44,11,'2024-04-02 00:09:46.669502','2024-04-02 00:09:46.669502'),(51,1,45,10,'2024-04-02 00:20:00.291873','2024-04-02 00:20:00.291873'),(52,1,46,11,'2024-04-02 00:26:05.549585','2024-04-02 00:26:05.549585'),(53,1,47,11,'2024-04-02 08:27:00.471371','2024-04-02 08:27:00.471371'),(54,1,48,11,'2024-04-02 08:53:33.801331','2024-04-02 08:53:33.801331'),(55,1,49,11,'2024-04-02 08:56:03.580796','2024-04-02 08:56:03.580796'),(56,1,50,10,'2024-04-02 09:19:21.944693','2024-04-02 09:19:21.944693'),(57,1,51,11,'2024-04-02 10:28:22.171200','2024-04-02 10:28:22.171200'),(58,1,52,11,'2024-04-02 10:43:46.752029','2024-04-02 10:43:46.752029'),(59,1,53,11,'2024-04-02 10:44:49.163077','2024-04-02 10:44:49.163077'),(60,1,54,11,'2024-04-02 10:45:53.062747','2024-04-02 10:45:53.062747'),(61,1,55,11,'2024-04-02 10:46:55.843481','2024-04-02 10:46:55.843481'),(62,1,56,11,'2024-04-02 14:16:19.149377','2024-04-02 14:16:19.149377'),(63,1,57,10,'2024-04-02 14:26:26.516629','2024-04-02 14:26:26.516629'),(64,1,58,11,'2024-04-02 15:03:04.430861','2024-04-02 15:03:04.430861'),(65,1,59,9,'2024-04-02 15:03:23.300665','2024-04-02 15:03:23.300665'),(66,1,60,9,'2024-04-02 15:09:29.014374','2024-04-02 15:09:29.014374'),(67,1,61,11,'2024-04-02 15:59:29.700612','2024-04-02 15:59:29.700612'),(68,1,62,11,'2024-04-02 16:09:31.468712','2024-04-02 16:09:31.468712'),(69,1,63,7,'2024-04-02 16:09:33.549888','2024-04-02 16:09:33.549888'),(70,1,64,11,'2024-04-02 16:11:17.569269','2024-04-02 16:11:17.569269'),(71,1,65,7,'2024-04-02 16:11:19.662806','2024-04-02 16:11:19.662806'),(72,1,66,11,'2024-04-02 16:11:45.403014','2024-04-02 16:11:45.403014'),(73,1,67,7,'2024-04-02 16:11:47.688865','2024-04-02 16:11:47.688865'),(74,1,68,11,'2024-04-02 16:19:15.610121','2024-04-02 16:19:15.610121'),(75,1,69,7,'2024-04-02 16:19:17.986839','2024-04-02 16:19:17.986839'),(76,1,70,11,'2024-04-02 16:19:28.129944','2024-04-02 16:19:28.129944'),(77,1,71,7,'2024-04-02 16:19:30.640367','2024-04-02 16:19:30.640367'),(78,1,72,11,'2024-04-02 16:22:28.191427','2024-04-02 16:22:28.191427'),(79,1,73,7,'2024-04-02 16:22:30.397900','2024-04-02 16:22:30.397900'),(80,1,74,11,'2024-04-02 16:23:03.640583','2024-04-02 16:23:03.640583'),(81,1,75,7,'2024-04-02 16:23:06.018474','2024-04-02 16:23:06.018474'),(82,1,76,11,'2024-04-02 22:27:30.006619','2024-04-02 22:27:30.006619'),(83,1,77,7,'2024-04-02 22:27:32.365768','2024-04-02 22:27:32.365768'),(84,1,78,7,'2024-04-02 22:42:13.119933','2024-04-02 22:42:13.119933'),(85,1,79,11,'2024-04-03 00:53:26.085133','2024-04-03 00:53:26.085133'),(86,1,80,7,'2024-04-03 00:53:28.648412','2024-04-03 00:53:28.648412'),(87,1,81,11,'2024-04-03 00:55:03.761070','2024-04-03 00:55:03.761070'),(88,1,82,7,'2024-04-03 00:55:06.211796','2024-04-03 00:55:06.211796'),(89,1,83,11,'2024-04-03 00:56:22.209574','2024-04-03 00:56:22.209574'),(90,1,84,7,'2024-04-03 00:56:23.443060','2024-04-03 00:56:23.443060'),(91,1,85,7,'2024-04-03 08:45:03.434356','2024-04-03 08:45:03.434356'),(92,1,86,11,'2024-04-03 09:08:46.091981','2024-04-03 09:08:46.091981'),(93,1,87,11,'2024-04-03 09:14:49.675788','2024-04-03 09:14:49.675788'),(94,1,88,7,'2024-04-03 09:14:50.778409','2024-04-03 09:14:50.778409'),(95,1,89,11,'2024-04-03 09:16:56.494804','2024-04-03 09:16:56.494804'),(96,1,90,7,'2024-04-03 09:16:57.549297','2024-04-03 09:16:57.549297'),(97,1,91,11,'2024-04-03 10:51:47.244678','2024-04-03 10:51:47.244678'),(98,1,92,7,'2024-04-03 10:51:48.554881','2024-04-03 10:51:48.554881'),(99,1,93,11,'2024-04-03 12:23:12.180725','2024-04-03 12:23:12.180725'),(100,1,94,7,'2024-04-03 12:23:13.518945','2024-04-03 12:23:13.518945'),(101,1,95,7,'2024-04-03 12:32:11.043719','2024-04-03 12:32:11.043719'),(102,1,96,11,'2024-04-03 12:34:30.394254','2024-04-03 12:34:30.394254'),(103,1,97,7,'2024-04-03 12:34:31.622916','2024-04-03 12:34:31.622916'),(104,1,98,7,'2024-04-03 14:22:49.913958','2024-04-03 14:22:49.913958');
/*!40000 ALTER TABLE `order_product` ENABLE KEYS */;
UNLOCK TABLES;

--
-- Table structure for table `orders`
--

DROP TABLE IF EXISTS `orders`;
/*!40101 SET @saved_cs_client     = @@character_set_client */;
/*!50503 SET character_set_client = utf8mb4 */;
CREATE TABLE `orders` (
  `order_delivery_fee` int(11) NOT NULL,
  `order_id` int(11) NOT NULL AUTO_INCREMENT,
  `order_payment_amount` int(11) NOT NULL,
  `created_at` datetime(6) DEFAULT NULL,
  `order_date` datetime(6) NOT NULL,
  `updated_at` datetime(6) DEFAULT NULL,
  `order_delivery_address` varchar(255) NOT NULL,
  `order_recipient_contact` varchar(255) NOT NULL,
  `order_recipient_name` varchar(255) NOT NULL,
  `order_delivery_status` enum('ORDER_COMPLETED','DELIVERY_IN_PROGRESS','DELIVERY_COMPLETED','ORDER_CANCELED') NOT NULL,
  `order_payment_status` enum('COMPLETED','REFUNDED') NOT NULL,
  PRIMARY KEY (`order_id`)
) ENGINE=InnoDB AUTO_INCREMENT=105 DEFAULT CHARSET=utf8mb4 COLLATE=utf8mb4_general_ci;
/*!40101 SET character_set_client = @saved_cs_client */;

--
-- Dumping data for table `orders`
--

LOCK TABLES `orders` WRITE;
/*!40000 ALTER TABLE `orders` DISABLE KEYS */;
INSERT INTO `orders` VALUES (2500,2,16480,'2024-03-29 09:13:31.239426','2024-03-29 09:13:31.220416','2024-03-29 11:43:55.145826','서울특별시 강남구 역삼대로 212 멀티캠퍼스','010-1234-5678','김싸피','ORDER_COMPLETED','COMPLETED'),(2500,3,73900,'2024-03-29 11:55:20.464567','2024-03-29 11:55:20.460625','2024-03-29 11:55:20.491427','서울특별시 강남구 역삼대로 212 멀티캠퍼스','010-1234-5678','김싸피','ORDER_COMPLETED','COMPLETED'),(2500,8,26300,'2024-03-31 01:28:43.450556','2024-03-31 01:28:43.450247','2024-03-31 01:28:43.458297','서울특별시 강남구 역삼대로 212 멀티캠퍼스','010-1234-5678','김싸피','ORDER_COMPLETED','COMPLETED'),(2500,9,73900,'2024-03-31 13:07:38.311410','2024-03-31 13:07:38.311043','2024-03-31 13:07:38.318068','서울특별시 강남구 역삼대로 212 멀티캠퍼스','010-1234-5678','김싸피','ORDER_COMPLETED','COMPLETED'),(2500,12,12400,'2024-03-31 13:19:01.475509','2024-03-31 13:19:01.475181','2024-03-31 13:19:51.735471','서울특별시 강남구 역삼대로 212 멀티캠퍼스','010-1234-5678','김싸피','DELIVERY_COMPLETED','COMPLETED'),(2500,14,50100,'2024-03-31 13:50:19.808698','2024-03-31 13:50:19.808390','2024-03-31 13:50:22.020797','서울특별시 강남구 역삼대로 212 멀티캠퍼스','010-1234-5678','김싸피','ORDER_COMPLETED','COMPLETED'),(2500,15,50100,'2024-03-31 13:50:19.886209','2024-03-31 13:50:19.885896','2024-03-31 13:50:22.020084','서울특별시 강남구 역삼대로 212 멀티캠퍼스','010-1234-5678','김싸피','ORDER_COMPLETED','COMPLETED'),(2500,16,26300,'2024-04-01 01:31:57.876176','2024-04-01 01:31:57.856173','2024-04-01 01:31:57.931899','서울특별시 강남구 역삼대로 212 멀티캠퍼스','010-1234-5678','김싸피','ORDER_COMPLETED','COMPLETED'),(2500,17,98680,'2024-04-01 01:32:15.788247','2024-04-01 01:32:15.787952','2024-04-01 01:32:15.794869','서울특별시 강남구 역삼대로 212 멀티캠퍼스','010-1234-5678','김싸피','ORDER_COMPLETED','COMPLETED'),(2500,18,98680,'2024-04-01 01:43:59.302168','2024-04-01 01:43:59.283390','2024-04-01 01:44:00.217105','서울특별시 강남구 역삼대로 212 멀티캠퍼스','010-1234-5678','김싸피','ORDER_COMPLETED','COMPLETED'),(2500,19,34560,'2024-04-01 01:45:52.073270','2024-04-01 01:45:52.072855','2024-04-01 01:45:52.487358','서울특별시 강남구 역삼대로 212 멀티캠퍼스','010-1234-5678','김싸피','ORDER_COMPLETED','COMPLETED'),(2500,20,66620,'2024-04-01 01:46:22.981061','2024-04-01 01:46:22.980726','2024-04-01 01:46:23.400478','서울특별시 강남구 역삼대로 212 멀티캠퍼스','010-1234-5678','김싸피','ORDER_COMPLETED','COMPLETED'),(2500,21,20260,'2024-04-01 01:51:23.767187','2024-04-01 01:51:23.748634','2024-04-01 01:52:12.630335','서울특별시 강남구 역삼대로 212 멀티캠퍼스','010-1234-5678','김싸피','ORDER_CANCELED','COMPLETED'),(2500,22,20260,'2024-04-01 01:54:51.326368','2024-04-01 01:54:51.326049','2024-04-01 01:59:24.297995','서울특별시 강남구 역삼대로 212 멀티캠퍼스','010-1234-5678','김싸피','ORDER_CANCELED','COMPLETED'),(2500,23,34560,'2024-04-01 01:54:52.932010','2024-04-01 01:54:52.931647','2024-04-01 01:54:53.309761','서울특별시 강남구 역삼대로 212 멀티캠퍼스','010-1234-5678','김싸피','ORDER_COMPLETED','COMPLETED'),(2500,24,34560,'2024-04-01 01:55:12.182973','2024-04-01 01:55:12.182636','2024-04-01 01:55:37.829996','서울특별시 강남구 역삼대로 212 멀티캠퍼스','010-1234-5678','김싸피','DELIVERY_IN_PROGRESS','COMPLETED'),(2500,25,20260,'2024-04-01 01:59:50.070804','2024-04-01 01:59:50.070453','2024-04-01 02:00:09.331836','서울특별시 강남구 역삼대로 212 멀티캠퍼스','010-1234-5678','김싸피','ORDER_CANCELED','COMPLETED'),(2500,26,16900,'2024-04-01 02:01:52.937281','2024-04-01 02:01:52.936943','2024-04-01 02:01:53.308403','서울특별시 강남구 역삼대로 212 멀티캠퍼스','010-1234-5678','김싸피','ORDER_COMPLETED','COMPLETED'),(2500,27,34560,'2024-04-01 02:13:53.224819','2024-04-01 02:13:53.224474','2024-04-01 19:01:26.123364','서울특별시 강남구 역삼대로 212 멀티캠퍼스','010-1234-5678','김싸피','DELIVERY_COMPLETED','COMPLETED'),(2500,28,34560,'2024-04-01 02:13:56.367490','2024-04-01 02:13:56.367172','2024-04-01 02:48:37.164846','서울특별시 강남구 역삼대로 212 멀티캠퍼스','010-1234-5678','김싸피','ORDER_CANCELED','COMPLETED'),(2500,29,20260,'2024-04-01 02:47:29.239418','2024-04-01 02:47:29.238792','2024-04-01 02:48:07.712030','서울특별시 강남구 역삼대로 212 멀티캠퍼스','010-1234-5678','김싸피','DELIVERY_COMPLETED','COMPLETED'),(2500,30,20260,'2024-04-01 11:30:00.706325','2024-04-01 11:30:00.705952','2024-04-01 12:41:47.292675','서울특별시 강남구 역삼대로 212 멀티캠퍼스','010-1234-5678','김싸피','ORDER_CANCELED','COMPLETED'),(2500,31,20260,'2024-04-01 11:30:44.024556','2024-04-01 11:30:44.024265','2024-04-01 12:41:35.519406','서울특별시 강남구 역삼대로 212 멀티캠퍼스','010-1234-5678','김싸피','ORDER_CANCELED','COMPLETED'),(2500,32,20260,'2024-04-01 13:00:55.013190','2024-04-01 13:00:55.012888','2024-04-01 13:01:17.434110','서울특별시 강남구 역삼대로 212 멀티캠퍼스','010-1234-5678','김싸피','DELIVERY_COMPLETED','COMPLETED'),(2500,33,34560,'2024-04-01 14:01:47.768293','2024-04-01 14:01:47.767970','2024-04-01 14:10:30.359079','서울특별시 강남구 역삼대로 212 멀티캠퍼스','010-1234-5678','김싸피','ORDER_CANCELED','COMPLETED'),(2500,34,20260,'2024-04-01 14:09:16.409030','2024-04-01 14:09:16.408745','2024-04-01 14:09:52.886106','서울특별시 강남구 역삼대로 212 멀티캠퍼스','010-1234-5678','김싸피','DELIVERY_COMPLETED','COMPLETED'),(2500,35,9950,'2024-04-01 21:23:57.274782','2024-04-01 21:23:57.274488','2024-04-01 21:33:08.525814','서울특별시 강남구 역삼대로 212 멀티캠퍼스','010-1234-5678','김싸피','DELIVERY_IN_PROGRESS','COMPLETED'),(2500,36,34560,'2024-04-01 22:30:05.882912','2024-04-01 22:30:05.882614','2024-04-01 22:32:06.510533','서울특별시 강남구 역삼대로 212 멀티캠퍼스','010-1234-5678','김싸피','DELIVERY_COMPLETED','COMPLETED'),(2500,37,16010,'2024-04-01 22:30:22.654241','2024-04-01 22:30:22.653966','2024-04-01 22:30:23.032334','서울특별시 강남구 역삼대로 212 멀티캠퍼스','010-1234-5678','김싸피','ORDER_COMPLETED','COMPLETED'),(2500,38,11450,'2024-04-01 23:21:06.949730','2024-04-01 23:21:06.949431','2024-04-01 23:21:18.266100','서울특별시 강남구 역삼대로 212 멀티캠퍼스','010-1234-5678','김싸피','DELIVERY_IN_PROGRESS','COMPLETED'),(2500,39,9950,'2024-04-01 23:25:35.645861','2024-04-01 23:25:35.645537','2024-04-01 23:37:50.521438','서울특별시 강남구 역삼대로 212 멀티캠퍼스','010-1234-5678','김싸피','ORDER_CANCELED','COMPLETED'),(2500,40,20260,'2024-04-01 23:36:37.074298','2024-04-01 23:36:37.074030','2024-04-01 23:37:13.245098','서울특별시 강남구 역삼대로 212 멀티캠퍼스','010-1234-5678','김싸피','DELIVERY_COMPLETED','COMPLETED'),(2500,41,34560,'2024-04-01 23:55:29.051702','2024-04-01 23:55:29.051443','2024-04-01 23:55:30.119295','서울특별시 강남구 역삼대로 212 멀티캠퍼스','010-1234-5678','김싸피','ORDER_COMPLETED','COMPLETED'),(2500,48,34560,'2024-04-02 00:08:25.524503','2024-04-02 00:08:25.524238','2024-04-02 00:08:26.530934','경기도 성남시 분당구 판교역로 235','010-1234-5678','경부선','ORDER_COMPLETED','COMPLETED'),(2500,49,9400,'2024-04-02 00:09:20.738198','2024-04-02 00:09:20.737928','2024-04-02 00:09:21.637448','경기도 성남시 분당구 판교역로 235','010-1234-5678','경부선','ORDER_COMPLETED','COMPLETED'),(2500,50,9400,'2024-04-02 00:09:46.665483','2024-04-02 00:09:46.665222','2024-04-02 00:25:58.279731','경기도 성남시 분당구 판교역로 235','010-1234-5678','경부선','ORDER_CANCELED','COMPLETED'),(2500,51,20260,'2024-04-02 00:20:00.287911','2024-04-02 00:20:00.287592','2024-04-02 00:20:38.280429','서울특별시 강남구 역삼대로 212 멀티캠퍼스','010-1234-5678','김싸피','DELIVERY_COMPLETED','COMPLETED'),(2500,52,9400,'2024-04-02 00:26:05.545678','2024-04-02 00:26:05.545404','2024-04-02 08:55:54.361106','서울특별시 강남구 역삼대로 212 멀티캠퍼스','010-1234-5678','김싸피','ORDER_CANCELED','COMPLETED'),(2500,53,9400,'2024-04-02 08:27:00.467099','2024-04-02 08:27:00.466774','2024-04-02 08:55:24.681819','경기도 성남시 분당구 판교역로 235','010-1234-5678','경부선','ORDER_CANCELED','COMPLETED'),(2500,54,9400,'2024-04-02 08:53:33.797360','2024-04-02 08:53:33.797084','2024-04-02 08:55:41.055769','경기도 성남시 분당구 판교역로 235','010-1234-5678','경부선','ORDER_CANCELED','COMPLETED'),(2500,55,9400,'2024-04-02 08:56:03.576777','2024-04-02 08:56:03.576536','2024-04-02 09:20:26.757248','서울특별시 강남구 역삼대로 212 멀티캠퍼스','010-1234-5678','김싸피','ORDER_CANCELED','COMPLETED'),(2500,56,20260,'2024-04-02 09:19:21.940728','2024-04-02 09:19:21.940490','2024-04-02 09:20:00.737525','서울특별시 강남구 역삼대로 212 멀티캠퍼스','010-1234-5678','김싸피','DELIVERY_COMPLETED','COMPLETED'),(2500,57,9400,'2024-04-02 10:28:22.167264','2024-04-02 10:28:22.167030','2024-04-02 10:28:23.126807','경기도 성남시 분당구 판교역로 235','010-1234-5678','경부선','ORDER_COMPLETED','COMPLETED'),(2500,58,9400,'2024-04-02 10:43:46.748012','2024-04-02 10:43:46.747728','2024-04-02 10:43:47.664048','경기도 성남시 분당구 판교역로 235','010-1234-5678','경부선','ORDER_COMPLETED','COMPLETED'),(2500,59,9400,'2024-04-02 10:44:49.159262','2024-04-02 10:44:49.159025','2024-04-02 10:44:50.000930','경기도 성남시 분당구 판교역로 235','010-1234-5678','경부선','ORDER_COMPLETED','COMPLETED'),(2500,60,9400,'2024-04-02 10:45:53.059041','2024-04-02 10:45:53.058767','2024-04-02 10:46:35.242166','경기도 성남시 분당구 판교역로 235','010-1234-5678','경부선','DELIVERY_IN_PROGRESS','COMPLETED'),(2500,61,9400,'2024-04-02 10:46:55.839736','2024-04-02 10:46:55.839487','2024-04-02 10:46:56.862459','경기도 성남시 분당구 판교역로 235','010-1234-5678','경부선','DELIVERY_IN_PROGRESS','COMPLETED'),(2500,62,9400,'2024-04-02 14:16:19.145103','2024-04-02 14:16:19.144847','2024-04-02 14:27:52.543342','경기도 성남시 분당구 판교역로 235','010-1234-5678','경부선','ORDER_CANCELED','COMPLETED'),(2500,63,20260,'2024-04-02 14:26:26.512649','2024-04-02 14:26:26.512393','2024-04-02 14:27:06.727266','서울특별시 강남구 역삼대로 212 멀티캠퍼스','010-1234-5678','김싸피','DELIVERY_COMPLETED','COMPLETED'),(2500,64,9400,'2024-04-02 15:03:04.427058','2024-04-02 15:03:04.426780','2024-04-02 15:10:50.644184','경기도 성남시 분당구 판교역로 235','010-1234-5678','경부선','ORDER_CANCELED','COMPLETED'),(2500,65,16900,'2024-04-02 15:03:23.296092','2024-04-02 15:03:23.295842','2024-04-02 15:03:50.616924','서울특별시 강남구 역삼대로 212 멀티캠퍼스','010-1234-5678','김싸피','ORDER_CANCELED','COMPLETED'),(2500,66,16900,'2024-04-02 15:09:29.010472','2024-04-02 15:09:29.010240','2024-04-02 15:10:09.160607','서울특별시 강남구 역삼대로 212 멀티캠퍼스','010-1234-5678','김싸피','DELIVERY_COMPLETED','COMPLETED'),(2500,67,9400,'2024-04-02 15:59:29.696936','2024-04-02 15:59:29.696698','2024-04-02 15:59:30.881117','경기도 성남시 분당구 판교역로 235','010-1234-5678','경부선','DELIVERY_IN_PROGRESS','COMPLETED'),(2500,68,9400,'2024-04-02 16:09:31.465064','2024-04-02 16:09:31.464823','2024-04-02 16:09:32.710469','경기도 성남시 분당구 판교역로 235','010-1234-5678','경부선','DELIVERY_IN_PROGRESS','COMPLETED'),(2500,69,25400,'2024-04-02 16:09:33.546150','2024-04-02 16:09:33.545923','2024-04-02 16:09:34.737779','경기도 성남시 분당구 판교역로 235','010-1234-5678','경부선','ORDER_CANCELED','COMPLETED'),(2500,70,9400,'2024-04-02 16:11:17.565647','2024-04-02 16:11:17.565411','2024-04-02 16:11:18.747138','경기도 성남시 분당구 판교역로 235','010-1234-5678','경부선','DELIVERY_IN_PROGRESS','COMPLETED'),(2500,71,25400,'2024-04-02 16:11:19.659209','2024-04-02 16:11:19.658977','2024-04-02 16:11:20.537300','경기도 성남시 분당구 판교역로 235','010-1234-5678','경부선','ORDER_COMPLETED','COMPLETED'),(2500,72,9400,'2024-04-02 16:11:45.399233','2024-04-02 16:11:45.399003','2024-04-02 16:11:46.629742','경기도 성남시 분당구 판교역로 235','010-1234-5678','경부선','DELIVERY_IN_PROGRESS','COMPLETED'),(2500,73,25400,'2024-04-02 16:11:47.685186','2024-04-02 16:11:47.684941','2024-04-02 16:11:48.663048','경기도 성남시 분당구 판교역로 235','010-1234-5678','경부선','ORDER_CANCELED','COMPLETED'),(2500,74,9400,'2024-04-02 16:19:15.606427','2024-04-02 16:19:15.606187','2024-04-02 16:19:17.008883','경기도 성남시 분당구 판교역로 235','010-1234-5678','경부선','DELIVERY_IN_PROGRESS','COMPLETED'),(2500,75,25400,'2024-04-02 16:19:17.983217','2024-04-02 16:19:17.982963','2024-04-02 16:19:18.976880','경기도 성남시 분당구 판교역로 235','010-1234-5678','경부선','ORDER_CANCELED','COMPLETED'),(2500,76,9400,'2024-04-02 16:19:28.126255','2024-04-02 16:19:28.126010','2024-04-02 16:19:29.600558','경기도 성남시 분당구 판교역로 235','010-1234-5678','경부선','DELIVERY_IN_PROGRESS','COMPLETED'),(2500,77,25400,'2024-04-02 16:19:30.636777','2024-04-02 16:19:30.636524','2024-04-02 16:19:31.434589','경기도 성남시 분당구 판교역로 235','010-1234-5678','경부선','ORDER_COMPLETED','COMPLETED'),(2500,78,9400,'2024-04-02 16:22:28.187934','2024-04-02 16:22:28.187653','2024-04-02 16:22:29.503929','경기도 성남시 분당구 판교역로 235','010-1234-5678','경부선','DELIVERY_IN_PROGRESS','COMPLETED'),(2500,79,25400,'2024-04-02 16:22:30.394063','2024-04-02 16:22:30.393800','2024-04-02 16:22:31.400648','경기도 성남시 분당구 판교역로 235','010-1234-5678','경부선','ORDER_CANCELED','COMPLETED'),(2500,80,9400,'2024-04-02 16:23:03.636921','2024-04-02 16:23:03.636692','2024-04-02 16:23:04.760219','경기도 성남시 분당구 판교역로 235','010-1234-5678','경부선','DELIVERY_IN_PROGRESS','COMPLETED'),(2500,81,25400,'2024-04-02 16:23:06.014821','2024-04-02 16:23:06.014579','2024-04-02 16:23:07.129319','경기도 성남시 분당구 판교역로 235','010-1234-5678','경부선','ORDER_CANCELED','COMPLETED'),(2500,82,9400,'2024-04-02 22:27:30.002909','2024-04-02 22:27:30.002650','2024-04-02 22:43:34.095428','경기도 성남시 분당구 판교역로 235','010-1234-5678','경부선','ORDER_CANCELED','COMPLETED'),(2500,83,25400,'2024-04-02 22:27:32.362215','2024-04-02 22:27:32.361986','2024-04-02 22:27:33.598674','경기도 성남시 분당구 판교역로 235','010-1234-5678','경부선','ORDER_CANCELED','COMPLETED'),(2500,84,25400,'2024-04-02 22:42:13.116375','2024-04-02 22:42:13.116141','2024-04-02 22:42:49.903190','서울특별시 강남구 역삼대로 212 멀티캠퍼스','010-1234-5678','김싸피','DELIVERY_COMPLETED','COMPLETED'),(2500,85,9400,'2024-04-03 00:53:26.081574','2024-04-03 00:53:26.081322','2024-04-03 00:53:27.529708','경기도 성남시 분당구 판교역로 235','010-1234-5678','경부선','DELIVERY_IN_PROGRESS','COMPLETED'),(2500,86,25400,'2024-04-03 00:53:28.644949','2024-04-03 00:53:28.644702','2024-04-03 00:53:29.792847','경기도 성남시 분당구 판교역로 235','010-1234-5678','경부선','ORDER_CANCELED','COMPLETED'),(2500,87,9400,'2024-04-03 00:55:03.757544','2024-04-03 00:55:03.757278','2024-04-03 00:55:04.989080','경기도 성남시 분당구 판교역로 235','010-1234-5678','경부선','DELIVERY_IN_PROGRESS','COMPLETED'),(2500,88,25400,'2024-04-03 00:55:06.208237','2024-04-03 00:55:06.208005','2024-04-03 00:55:07.442703','경기도 성남시 분당구 판교역로 235','010-1234-5678','경부선','ORDER_CANCELED','COMPLETED'),(2500,89,9400,'2024-04-03 00:56:22.205984','2024-04-03 00:56:22.205733','2024-04-03 08:46:15.298343','경기도 성남시 분당구 판교역로 235','010-1234-5678','경부선','ORDER_CANCELED','COMPLETED'),(2500,90,25400,'2024-04-03 00:56:23.439441','2024-04-03 00:56:23.439217','2024-04-03 00:56:23.963887','경기도 성남시 분당구 판교역로 235','010-1234-5678','경부선','ORDER_CANCELED','COMPLETED'),(2500,91,25400,'2024-04-03 08:45:03.430928','2024-04-03 08:45:03.430692','2024-04-03 08:45:39.091952','서울특별시 강남구 역삼대로 212 멀티캠퍼스','010-1234-5678','김싸피','DELIVERY_COMPLETED','COMPLETED'),(2500,92,9400,'2024-04-03 09:08:46.088389','2024-04-03 09:08:46.088156','2024-04-03 09:08:47.026012','경기도 성남시 분당구 판교역로 235','010-1234-5678','경부선','DELIVERY_IN_PROGRESS','COMPLETED'),(2500,93,9400,'2024-04-03 09:14:49.672306','2024-04-03 09:14:49.672070','2024-04-03 09:14:50.355157','경기도 성남시 분당구 판교역로 235','010-1234-5678','경부선','DELIVERY_IN_PROGRESS','COMPLETED'),(2500,94,25400,'2024-04-03 09:14:50.774999','2024-04-03 09:14:50.774778','2024-04-03 09:14:51.217416','경기도 성남시 분당구 판교역로 235','010-1234-5678','경부선','ORDER_CANCELED','COMPLETED'),(2500,95,9400,'2024-04-03 09:16:56.490888','2024-04-03 09:16:56.490626','2024-04-03 09:16:57.112264','경기도 성남시 분당구 판교역로 235','010-1234-5678','경부선','DELIVERY_IN_PROGRESS','COMPLETED'),(2500,96,25400,'2024-04-03 09:16:57.545331','2024-04-03 09:16:57.545080','2024-04-03 09:16:58.094841','경기도 성남시 분당구 판교역로 235','010-1234-5678','경부선','ORDER_CANCELED','COMPLETED'),(2500,97,9400,'2024-04-03 10:51:47.241215','2024-04-03 10:51:47.240984','2024-04-03 10:51:47.977682','경기도 성남시 분당구 판교역로 235','010-1234-5678','경부선','DELIVERY_IN_PROGRESS','COMPLETED'),(2500,98,25400,'2024-04-03 10:51:48.551365','2024-04-03 10:51:48.551137','2024-04-03 10:51:49.050329','경기도 성남시 분당구 판교역로 235','010-1234-5678','경부선','ORDER_CANCELED','COMPLETED'),(2500,99,9400,'2024-04-03 12:23:12.177131','2024-04-03 12:23:12.176897','2024-04-03 12:33:28.808508','경기도 성남시 분당구 판교역로 235','010-1234-5678','경부선','ORDER_CANCELED','COMPLETED'),(2500,100,25400,'2024-04-03 12:23:13.515369','2024-04-03 12:23:13.515145','2024-04-03 12:23:14.096338','경기도 성남시 분당구 판교역로 235','010-1234-5678','경부선','ORDER_CANCELED','COMPLETED'),(2500,101,25400,'2024-04-03 12:32:11.040184','2024-04-03 12:32:11.039963','2024-04-03 12:32:45.357053','서울특별시 강남구 역삼대로 212 멀티캠퍼스','010-1234-5678','김싸피','DELIVERY_COMPLETED','COMPLETED'),(2500,102,9400,'2024-04-03 12:34:30.390665','2024-04-03 12:34:30.390426','2024-04-03 14:24:17.497276','경기도 성남시 분당구 판교역로 235','010-1234-5678','경부선','ORDER_CANCELED','COMPLETED'),(2500,103,25400,'2024-04-03 12:34:31.619316','2024-04-03 12:34:31.619091','2024-04-03 12:34:32.180583','경기도 성남시 분당구 판교역로 235','010-1234-5678','경부선','ORDER_CANCELED','COMPLETED'),(2500,104,25400,'2024-04-03 14:22:49.910612','2024-04-03 14:22:49.910385','2024-04-03 14:23:36.072263','서울특별시 강남구 역삼대로 212 멀티캠퍼스','010-1234-5678','김싸피','DELIVERY_COMPLETED','COMPLETED');
/*!40000 ALTER TABLE `orders` ENABLE KEYS */;
UNLOCK TABLES;

--
-- Table structure for table `product`
--

DROP TABLE IF EXISTS `product`;
/*!40101 SET @saved_cs_client     = @@character_set_client */;
/*!50503 SET character_set_client = utf8mb4 */;
CREATE TABLE `product` (
  `product_id` int(11) NOT NULL AUTO_INCREMENT,
  `product_price` int(11) NOT NULL,
  `product_rating` double NOT NULL,
  `product_review_count` int(11) NOT NULL,
  `created_at` datetime(6) DEFAULT NULL,
  `updated_at` datetime(6) DEFAULT NULL,
  `product_barcode` varchar(255) DEFAULT NULL,
  `product_image_url` varchar(255) DEFAULT NULL,
  `product_name` varchar(255) NOT NULL,
  `product_thumbnail_image_url` varchar(255) DEFAULT NULL,
  PRIMARY KEY (`product_id`),
  UNIQUE KEY `UK_o03bmae3p0w8uhr2pp15nyx04` (`product_barcode`)
) ENGINE=InnoDB AUTO_INCREMENT=24 DEFAULT CHARSET=utf8mb4 COLLATE=utf8mb4_general_ci;
/*!40101 SET character_set_client = @saved_cs_client */;

--
-- Dumping data for table `product`
--

LOCK TABLES `product` WRITE;
/*!40000 ALTER TABLE `product` DISABLE KEYS */;
INSERT INTO `product` VALUES (2,7450,3.9,781,'2024-03-28 22:27:25.931538','2024-03-28 22:27:25.931538','1000','https://dy5wqohnd3bqg.cloudfront.net/1000.jpg','한입 실내건조 액체세제','https://dy5wqohnd3bqg.cloudfront.net/1000.jpg'),(3,32060,4.1,633,'2024-03-28 22:43:22.592564','2024-03-28 22:43:22.592564','1001','https://dy5wqohnd3bqg.cloudfront.net/1001.png','다우니 프리미엄 세탁세제 액체형 실내건조 본품, 3L, 2개','https://dy5wqohnd3bqg.cloudfront.net/1001.png'),(4,14930,3.5,815,'2024-03-28 22:43:44.292230','2024-03-28 22:43:44.292230','1002','https://dy5wqohnd3bqg.cloudfront.net/1002.png','퍼실 딥클린 라벤더젤 드럼용 라벤더코튼향 액상세제 본품, 2.7L, 1개','https://dy5wqohnd3bqg.cloudfront.net/1002.png'),(5,8950,1.4,133,'2024-03-28 22:44:00.772292','2024-03-28 22:44:00.772292','1003','https://dy5wqohnd3bqg.cloudfront.net/1003.png','비트 진드기 액체세제 일반용 본품, 3L, 1개','https://dy5wqohnd3bqg.cloudfront.net/1003.png'),(6,10990,1.2,644,'2024-03-28 22:44:18.335407','2024-03-28 22:44:18.335407','1004','https://dy5wqohnd3bqg.cloudfront.net/1004.png','탐사 파워워시 액체세제, 2.5L, 4개','https://dy5wqohnd3bqg.cloudfront.net/1004.png'),(7,22900,0.4,458,'2024-03-28 22:44:37.380529','2024-03-28 22:44:37.380529','1005','https://dy5wqohnd3bqg.cloudfront.net/1005.png','AURA 햇살 실내건조 초고농축 섬유유연제 뽀송한 코튼향','https://dy5wqohnd3bqg.cloudfront.net/1005.png'),(8,13510,0.3,607,'2024-03-28 22:44:51.424377','2024-03-28 22:44:51.424377','1006','https://dy5wqohnd3bqg.cloudfront.net/1006.png','탐사 로즈앤 후리지아 섬유유연제 3.1L, 3.1L, 4개입','https://dy5wqohnd3bqg.cloudfront.net/1006.png'),(9,14400,1.4,371,'2024-03-28 22:45:08.081023','2024-03-28 22:45:08.081023','1007','https://dy5wqohnd3bqg.cloudfront.net/1007.png','스너글 초고농축 섬유유연제 허거블 코튼 본품, 4L, 1개','https://dy5wqohnd3bqg.cloudfront.net/1007.png'),(10,17760,4.9,333,'2024-03-28 22:45:25.460278','2024-03-28 22:45:25.460278','1008','https://dy5wqohnd3bqg.cloudfront.net/1008.png','다우니 엑스퍼트 실내건조 프레시클린 초고농축 섬유유연제 본품, 1.05L, 3개','https://dy5wqohnd3bqg.cloudfront.net/1008.png'),(11,6900,3.6,817,'2024-03-28 22:45:44.322224','2024-03-28 22:45:44.322224','1009','https://dy5wqohnd3bqg.cloudfront.net/1009.png','피니시 식기세척기 세정제 레몬','https://dy5wqohnd3bqg.cloudfront.net/1009.png'),(12,8200,3,19,'2024-03-28 22:46:08.211838','2024-03-28 22:46:08.211838','1010','https://dy5wqohnd3bqg.cloudfront.net/1010.png','자연퐁 스팀워시 식기세척기용 액체 세제, 1000ml, 1개','https://dy5wqohnd3bqg.cloudfront.net/1010.png'),(13,22910,2.3,270,'2024-03-28 22:46:39.171314','2024-03-28 22:46:39.171314','1011','https://dy5wqohnd3bqg.cloudfront.net/1011.png','아이리벳 식기세척기 액체 세제, 600ml, 2개','https://dy5wqohnd3bqg.cloudfront.net/1011.png'),(14,13980,4,59,'2024-03-28 22:46:59.769049','2024-03-28 22:46:59.769049','1012','https://dy5wqohnd3bqg.cloudfront.net/1012.png','자연퐁 스팀워시 식기세척기용 린스, 500ml, 2개','https://dy5wqohnd3bqg.cloudfront.net/1012.png'),(15,11900,2.1,860,'2024-03-28 22:47:13.532886','2024-03-28 22:47:13.532886','1013','https://dy5wqohnd3bqg.cloudfront.net/1013.png','베리크린 식기세척기세제 린스 액체형, 린스(액체형) 1L..., 1L, 2개','https://dy5wqohnd3bqg.cloudfront.net/1013.png'),(16,9900,3.7,379,'2024-03-28 22:47:35.230046','2024-03-28 22:47:35.230046','1014','https://dy5wqohnd3bqg.cloudfront.net/1014.png','부케가르니 에코 그린 식기세척기 린스, 1000ml, 1개','https://dy5wqohnd3bqg.cloudfront.net/1014.png'),(17,17380,4.6,629,'2024-03-28 22:48:22.867748','2024-03-28 22:48:22.867748','1015','https://dy5wqohnd3bqg.cloudfront.net/1015.png','상상그램 삼성 공기청정기 CFX-G100D 호환용 필터, 1개','https://dy5wqohnd3bqg.cloudfront.net/1015.png'),(18,15900,2.6,597,'2024-03-28 22:48:39.079131','2024-03-28 22:48:39.079131','1016','https://dy5wqohnd3bqg.cloudfront.net/1016.png','상상그램 LG 퓨리케어 360 공기청정기 호환 필터 플러스, 퓨리케어 360도(헤파플러스)','https://dy5wqohnd3bqg.cloudfront.net/1016.png'),(19,15600,2.6,713,'2024-03-28 22:49:42.256738','2024-03-28 22:49:42.256738','1017','https://dy5wqohnd3bqg.cloudfront.net/1017.png','필터왕국 삼성 공기청정기 복합필터, CFX-G100D','https://dy5wqohnd3bqg.cloudfront.net/1017.png'),(20,15490,4.6,654,'2024-03-28 22:50:22.952182','2024-03-28 22:50:22.952182','1018','https://dy5wqohnd3bqg.cloudfront.net/1018.png','상상그램 위닉스 타워 Q 공기청정기 호환 필터 플러스, CAF-NK331/CAF-D0S5(헤파플러스), 1개','https://dy5wqohnd3bqg.cloudfront.net/1018.png'),(21,12840,2.8,511,'2024-03-28 22:50:42.845353','2024-03-28 22:50:42.845353','1019','https://dy5wqohnd3bqg.cloudfront.net/1019.png','삼성 공기청정기 블루스카이 3000 6000 CFX-G100D 헤파 탈취 일체형 프리미엄 호환 필터, 1개','https://dy5wqohnd3bqg.cloudfront.net/1019.png'),(22,28400,2.8,545,'2024-03-28 22:50:58.676538','2024-03-28 22:50:58.676538','1020','https://dy5wqohnd3bqg.cloudfront.net/1020.png','상상그램 LG 엘지 공기청정기 호환 국내산 프리미엄 필터, 퓨리케어 360도(프리미엄)','https://dy5wqohnd3bqg.cloudfront.net/1020.png'),(23,23800,3.7,695,'2024-03-28 22:51:10.420303','2024-03-28 22:51:10.420303','1021','https://dy5wqohnd3bqg.cloudfront.net/1021.png','상상그램 위닉스 제로 2.0 공기청정기 호환 필터, CAF-G0S6(제로2.0), 1개','https://dy5wqohnd3bqg.cloudfront.net/1021.png');
/*!40000 ALTER TABLE `product` ENABLE KEYS */;
UNLOCK TABLES;

--
-- Dumping routines for database 'shoppingmalldb'
--
/*!40103 SET TIME_ZONE=@OLD_TIME_ZONE */;

/*!40101 SET SQL_MODE=@OLD_SQL_MODE */;
/*!40014 SET FOREIGN_KEY_CHECKS=@OLD_FOREIGN_KEY_CHECKS */;
/*!40014 SET UNIQUE_CHECKS=@OLD_UNIQUE_CHECKS */;
/*!40101 SET CHARACTER_SET_CLIENT=@OLD_CHARACTER_SET_CLIENT */;
/*!40101 SET CHARACTER_SET_RESULTS=@OLD_CHARACTER_SET_RESULTS */;
/*!40101 SET COLLATION_CONNECTION=@OLD_COLLATION_CONNECTION */;
/*!40111 SET SQL_NOTES=@OLD_SQL_NOTES */;

-- Dump completed on 2024-04-04  9:01:12
